Filename,Size,Unit
/1 030.jpg,119.8,K
/1 0765 copy.jpg,90.78,K
/Barney shit haha.wmv,1.42,M
/Be my myspace friend!!.txt,110,B
/Beef.mp3,6.06,M
/bushvampire.jpg,37.19,K
/Danktank.jpg,80.24,K
/DT!.jpg,104.79,K
/first skit.mp3,1.6,M
/Image3.jpg,47.92,K
/Imma Gangsta.mp3,3.46,M
/Mack ad.mp3,6.01,M
/Movie.wmv,13.26,M
/MTM Logo.jpg,23.82,K
/Randy White - Neva eva (produced by robE).mp3,4.48,M
/Randy White - Sean will ride.mp3,5.56,M
/Readme!.txt,258,B
/Rejoice.mp3,5.74,M
/rob_e-back_then(remix)-=MIKE JONES DISS!!=-.mp3,4.85,M
/RobE-Back Then (lyrics).txt,2.57,K
/Shake dat azz!.mp3,5.96,M
/Shiesty.mp3,5.37,M
/Skit 1.mp3,1.92,M
/skit2.mp3,2.15,M
/Slangin Rocks.mp3,6.06,M
/Summer Time in tha Mtz.mp3,5.32,M
/SwisherSweetLittleCigars.jpg,21.46,K
/Tha west is back01.mp3,1.54,M
/Too Hott.mp3,5.79,M
/top-mtm.jpg,28.22,K
/Up in tha Club.mp3,4.43,M
/usa13.jpg,47.08,K
